question,answer,action
What is your name?,My name is ChatBot.,
How are you?,"I am an AI, so I don't have feelings, but I'm here to help you!",
hello,"Heyy! I am an AI, I'm here to help you!",
Who wrote 'To Kill a Mockingbird'?,'To Kill a Mockingbird' was written by Harper Lee.,
hi,"Heyy! I am an AI, I'm here to help you!",
How many continents are there?,"There are seven continents: Africa, Antarctica, Asia, Europe, North America, Australia, and South America.",
What is the speed of light?,"The speed of light is approximately 299,792,458 meters per second.",
Who is the president of the United States?,"As of my last update, the president is Joe Biden.",
What is Python?,Python is a high-level programming language known for its readability and versatility.,
How do I install Python?,"You can install Python from the official website, python.org. Download the installer and follow the instructions.",
What is a firewall?,A firewall is a network security device that monitors and filters incoming and outgoing network traffic based on an organization's previously established security policies.,
What is an IP address?,An IP address is a unique address that identifies a device on the internet or a local network. It stands for Internet Protocol address.,
How do I check my IP address?,You can check your IP address by using the command 'ipconfig' on Windows or 'ifconfig' on Linux/macOS in the terminal or command prompt.,check_router_ip
What is DNS?,"DNS stands for Domain Name System. It translates human-readable domain names to IP addresses, allowing browsers to load Internet resources.",
How can I reset my router?,"To reset your router, find the reset button on the device (usually a small hole), press and hold it for about 10-15 seconds, then release. This will reset the router to its factory settings.",
What is a VPN?,"A VPN, or Virtual Private Network, extends a private network across a public network, enabling users to send and receive data as if their devices were directly connected to the private network.",
How do I secure my Wi-Fi network?,"To secure your Wi-Fi network, use a strong password, enable WPA3 encryption, disable WPS, change the default SSID, and update your router's firmware regularly.",
What is a DDoS attack?,A Distributed Denial of Service (DDoS) attack is an attempt to make an online service unavailable by overwhelming it with traffic from multiple sources.,
How can I detect a DDoS attack?,"Signs of a DDoS attack include a sudden surge in traffic, slow network performance, and unavailability of websites or services. Monitoring tools can help detect unusual traffic patterns.",
What is port scanning?,Port scanning is a method used to identify open ports and services available on a networked computer. It can be used by attackers to find vulnerable services.,
How can I prevent unauthorized access to my network?,"To prevent unauthorized access, use strong passwords, enable firewalls, update software regularly, use intrusion detection systems, and limit network access based on IP addresses.",
What is network sniffing?,Network sniffing is the process of monitoring and capturing all data packets passing through a given network using software or hardware tools.,
How do I troubleshoot a network connectivity issue?,"To troubleshoot network connectivity, check physical connections, verify IP configurations, ping devices to test connectivity, and check for firewall or security settings that might block traffic.",
What is the purpose of a VLAN?,"A VLAN (Virtual Local Area Network) allows network administrators to segment a network into different broadcast domains, which can improve performance and security.",
How do I update my router's firmware?,"To update your router's firmware, log into the router's web interface, find the firmware update section, download the latest firmware from the manufacturer's website, and follow the instructions to install it.",
What should I do if my internet is slow?,Try restarting your router and checking for any ongoing downloads or updates.,restart_router
How do I reset my router?,"To reset your router, locate the reset button on the device, hold it for 10-15 seconds, then release.",reset_router
Why is my Wi-Fi not working?,Check if the Wi-Fi is enabled on your device and ensure the router is powered on.,check_wifi_enabled
How can I find my IP address?,You can find your IP address by opening Command Prompt and typing 'ipconfig'.,find_ip_address
What does a red light on my router mean?,A red light on the router typically indicates a connection issue. Try restarting the router or contacting your ISP.,check_router_connection
How do I change my Wi-Fi password?,"Access your router settings through the IP address provided in the manual, then navigate to the wireless settings to change the password.",change_wifi_password
What should I do if I can't connect to the internet?,"First, check if your router is connected and powered on. If it is, try restarting your device and the router.",check_router_connection
Why is my connection dropping frequently?,"Frequent disconnections can be due to interference, outdated firmware, or a faulty router. Try updating the firmware or moving the router to a different location.",update_firmware
How can I improve my Wi-Fi signal?,"You can improve your Wi-Fi signal by placing the router in a central location, away from obstructions, and using a Wi-Fi extender if necessary.",improve_signal
What is an IP conflict and how can I resolve it?,An IP conflict occurs when two devices have the same IP address. Resolve it by renewing the IP address or assigning a static IP to one of the devices.,resolve_ip_conflict
How do I update my router firmware?,"To update your router firmware, access the router settings, find the firmware update section, and follow the instructions provided by the manufacturer.",update_firmware
Why can't I access certain websites?,"This could be due to DNS issues, website restrictions, or network settings. Try clearing your browser cache or using a different DNS server.",clear_cache
What is a DNS server and how do I change it?,A DNS server translates domain names into IP addresses. You can change it in your network settings by specifying a different DNS server like Google DNS or OpenDNS.,change_dns
How do I check my network speed?,You can check your network speed using online tools like Speedtest.net or by contacting your ISP for a speed test.,check_speed
What is a VPN and why would I need one?,"A VPN (Virtual Private Network) provides a secure connection over the internet. It can be used for privacy, security, and accessing restricted content.",use_vpn
How do I set up a VPN on my router?,"To set up a VPN on your router, access the router settings, find the VPN section, and follow the instructions provided by your VPN service provider.",setup_vpn
Why is my network printer not working?,"Ensure the printer is connected to the network, powered on, and check for any error messages on the printer display.",check_printer_connection
How can I secure my Wi-Fi network?,"You can secure your Wi-Fi network by using a strong password, enabling WPA3 encryption, and hiding the SSID.",secure_wifi
What should I do if I suspect my network is hacked?,"Disconnect suspicious devices, change your passwords, update firmware, and monitor network activity. Consider contacting a professional for assistance.",monitor_network
How do I set up a guest Wi-Fi network?,Access your router settings and find the guest network section. Enable the guest network and set a separate password.,setup_guest_network
Why is my internet slow only on certain devices?,"This could be due to interference, outdated drivers, or device-specific settings. Try updating the device drivers or moving closer to the router.",update_device_drivers
How do I connect my smart TV to Wi-Fi?,"Go to the network settings on your smart TV, select your Wi-Fi network, and enter the password.",connect_smart_tv
What is a MAC address and how do I find it?,A MAC address is a unique identifier for network devices. You can find it in the network settings of your device or on the device label.,find_mac_address
How do I enable parental controls on my router?,"Access your router settings, find the parental control section, and set up restrictions based on your preferences.",enable_parental_controls
Why is my Ethernet connection not working?,Check if the Ethernet cable is properly connected and not damaged. Try using a different cable or port.,check_ethernet_connection
How can I test my internet connection stability?,You can use tools like PingPlotter to monitor your connection stability over time.,test_connection_stability
How do I change my network name (SSID)?,"Access your router settings, navigate to the wireless settings, and change the SSID to your preferred name.",change_ssid
What is port forwarding and how do I set it up?,Port forwarding allows external devices to access services on your local network. Set it up in your router's port forwarding section by specifying the port numbers and IP addresses.,setup_port_forwarding
Why can't I connect to my VPN?,Check if your VPN credentials are correct and if the VPN server is online. Ensure no firewall settings are blocking the connection.,check_vpn_connection
How do I boost my home network signal?,"Use a Wi-Fi extender or mesh network system to boost the signal. Ensure the router is placed in a central, elevated location.",boost_network_signal
What should I do if my network connection is intermittent?,Intermittent connections can be due to interference or faulty hardware. Check for interference sources and replace any suspect hardware.,check_interference
How do I create a network diagram?,Use software like Microsoft Visio or online tools like Lucidchart to create a visual representation of your network.,create_network_diagram
Why can't I access my router settings?,"Ensure you are connected to the router's network and use the correct IP address and login credentials. If forgotten, reset the router to factory settings.",access_router_settings
What is a network switch and how is it different from a router?,"A network switch connects multiple devices within the same network, while a router connects different networks and manages traffic between them.",understand_switch_vs_router
How do I set up a static IP address?,"Access your device's network settings, select the option to manually configure the IP address, and enter the desired static IP details.",setup_static_ip
What is a DHCP server and how does it work?,"A DHCP server automatically assigns IP addresses to devices on the network, simplifying network management.",understand_dhcp
How do I update my network adapter drivers?,"Go to the device manager on your computer, find the network adapter, right-click, and select 'Update driver'.",update_network_adapter_drivers
Why am I getting a DNS error?,A DNS error can be caused by incorrect DNS settings or issues with the DNS server. Try using a different DNS server like Google DNS.,resolve_dns_error
How do I enable QoS on my router?,"Access your router settings, find the QoS section, and configure the settings to prioritize certain types of traffic.",enable_qos
What is a firewall and how do I configure it?,A firewall protects your network by controlling incoming and outgoing traffic. Configure it through your router or device's security settings.,configure_firewall
How do I check for network congestion?,Use network monitoring tools to analyze traffic patterns and identify congestion points. Contact your ISP if needed.,check_network_congestion
Why is my network printer offline?,"Ensure the printer is powered on, connected to the network, and check for any error messages. Restart the printer if necessary.",check_printer_status
How do I set up a network file sharing?,"Enable file sharing on your devices, create shared folders, and ensure network discovery is turned on.",setup_file_sharing
What is a subnet mask and why is it important?,"A subnet mask divides an IP address into network and host parts, helping in network organization and management.",understand_subnet_mask
How do I check if my firewall is blocking a connection?,Check the firewall logs or settings to see if the connection is being blocked. Adjust the settings if necessary.,check_firewall_logs
How do I fix a limited connectivity issue?,"Reset your network adapter, restart the router, and check for any IP address conflicts.",fix_limited_connectivity
How can I monitor my network usage?,Use network monitoring tools or built-in router features to track data usage and identify heavy users.,monitor_network_usage
What is the difference between 2.4 GHz and 5 GHz Wi-Fi?,"2.4 GHz offers wider coverage but slower speeds, while 5 GHz offers faster speeds but shorter range. Choose based on your needs.",understand_wifi_frequencies
How do I extend my Wi-Fi range?,"Use a Wi-Fi extender, upgrade to a mesh network, or reposition the router for better coverage.",extend_wifi_range
What should I do if my router keeps rebooting?,"Check for firmware updates, overheating issues, and ensure the power supply is stable. Replace the router if needed.",check_router_reboot
How do I set up a VLAN?,"Access your router or switch settings, find the VLAN section, and configure the VLANs based on your network segmentation needs.",setup_vlan
What is network throttling and how can I avoid it?,Network throttling is the intentional slowing of internet speed by your ISP. Use a VPN to bypass throttling if necessary.,avoid_network_throttling
How do I check for firmware updates on my router?,"Log in to your router's settings, navigate to the firmware update section, and check for available updates.",check_firmware_updates
What is a mesh network and how do I set it up?,A mesh network uses multiple nodes to provide seamless Wi-Fi coverage. Set it up by following the instructions provided with the mesh system.,setup_mesh_network
Why is my VPN connection slow?,"VPN speed can be affected by server location, bandwidth, and encryption overhead. Try switching servers or protocols.",troubleshoot_vpn_speed
How do I configure port triggering on my router?,"Access your router settings, find the port triggering section, and configure the necessary ports based on your application requirements.",configure_port_triggering
What is a DMZ and when should I use it?,A DMZ (Demilitarized Zone) is a separate network that exposes external-facing services while keeping the internal network secure. Use it for hosting servers.,understand_dmz
How do I set up a secure network for IoT devices?,"Create a separate network for IoT devices, use strong passwords, and regularly update firmware.",secure_iot_network
Why is my internet not working after a power outage?,"Power outages can disrupt network settings. Restart your router and modem, and check for any damaged cables.",check_after_power_outage
How do I configure my router for gaming?,"Enable QoS, use a wired connection, and configure port forwarding for gaming consoles.",configure_for_gaming
How can I improve my upload speed?,"Check for any bandwidth-hogging applications, upgrade your internet plan, and ensure your network is optimized.",improve_upload_speed
What should I do if my network is experiencing packet loss?,"Check for network congestion, faulty hardware, or interference. Use network diagnostics tools to identify the issue.",troubleshoot_packet_loss
How do I set up a guest network on my router?,"Log in to your router's settings, find the guest network section, and configure the network with a separate SSID and password.",setup_guest_network
What is the difference between IPv4 and IPv6?,"IPv4 uses 32-bit addresses, while IPv6 uses 128-bit addresses, providing a larger address space and improved routing.",understand_ipv4_vs_ipv6
How do I check my router's log files?,"Access your router settings, navigate to the log section, and review the entries for any unusual activity.",check_router_logs
Why is my Wi-Fi connection dropping frequently?,"Frequent drops can be due to interference, outdated firmware, or too many devices. Try updating the firmware and reducing interference sources.",troubleshoot_wifi_drops
How do I set up dynamic DNS on my router?,"Access your router settings, find the dynamic DNS section, and enter your dynamic DNS provider's details.",setup_dynamic_dns
What is a network gateway and how does it work?,"A network gateway connects different networks and routes traffic between them, acting as a bridge.",understand_network_gateway
How do I prioritize devices on my network?,Use QoS settings in your router to prioritize bandwidth for specific devices or applications.,prioritize_devices
How do I troubleshoot a wireless adapter?,"Ensure the adapter is properly installed, update drivers, and check for any interference or compatibility issues.",troubleshoot_wireless_adapter
Why can't I connect to a specific website?,"The website might be down, blocked, or experiencing issues. Try clearing your DNS cache or using a different browser.",check_website_connection
How do I enable remote management on my router?,"Access your router settings, find the remote management section, and enable it. Ensure you use a secure password.",enable_remote_management
What should I do if I forget my Wi-Fi password?,Check the router settings or use a device already connected to the network to view the saved password.,recover_wifi_password
How do I set up network isolation?,Access your router settings and enable network isolation to prevent devices on the guest network from accessing the main network.,setup_network_isolation
What is a proxy server and how do I use it?,"A proxy server acts as an intermediary between your device and the internet, providing anonymity and security. Configure it in your network settings.",use_proxy_server
How do I fix a 'No Internet Access' error?,"Restart your router and modem, check for any outages with your ISP, and troubleshoot your network settings.",fix_no_internet_access
How do I set up a secure home network?,"Use strong passwords, enable WPA3 encryption, regularly update firmware, and disable WPS.",setup_secure_home_network
Why is my network speed slow during peak hours?,Network congestion during peak hours can slow down your speed. Consider upgrading your plan or using a VPN.,avoid_peak_hours
How do I check if my ISP is throttling my connection?,"Use speed tests with and without a VPN to see if there is a significant difference in speed, indicating throttling.",check_isp_throttling
What is a packet sniffer and how do I use it?,A packet sniffer captures and analyzes network traffic. Use tools like Wireshark for network diagnostics.,use_packet_sniffer
How do I set up a wireless bridge?,Configure one router as the main router and the other as a bridge. Follow the manufacturer's instructions for setup.,setup_wireless_bridge
Why can't I connect to my NAS?,"Ensure the NAS is powered on, connected to the network, and the network settings are correctly configured.",check_nas_connection
How do I set up a hotspot on my mobile device?,"Go to your mobile device's settings, find the hotspot option, and enable it. Set a password for security.",setup_mobile_hotspot
What should I do if my network is being attacked?,"Disconnect from the network, change all passwords, update firmware, and consider professional assistance.",respond_to_attack
How do I configure my router for VoIP?,Prioritize VoIP traffic using QoS settings and ensure sufficient bandwidth for clear calls.,configure_for_voip
How do I check my router's IP address?,"On a connected device, open Command Prompt or Terminal and type 'ipconfig' (Windows) or 'ifconfig' (Mac/Linux) to find the router's IP address.",check_router_ip
What is the difference between a hub and a switch?,"A hub broadcasts data to all devices, while a switch sends data only to the intended device, improving efficiency.",understand_hub_vs_switch
How do I reset my network settings on Windows?,Go to Settings > Network & Internet > Status > Network reset and follow the prompts to reset your network settings.,reset_network_settings_windows
How do I reset my network settings on Mac?,"Go to System Preferences > Network, select your network connection, click the minus sign, and then click the plus sign to re-add it.",reset_network_settings_mac
What is an SSID and how do I change it?,An SSID is your network's name. Change it by accessing your router settings and modifying the wireless network name.,change_ssid
How do I set up a VPN on my computer?,"Download and install a VPN client, sign in with your credentials, and connect to a VPN server.",setup_vpn_computer
How do I optimize my network for streaming?,"Prioritize streaming devices using QoS settings, use a wired connection, and ensure sufficient bandwidth.",optimize_for_streaming
How do I troubleshoot a slow download speed?,"Check for background downloads, optimize your network, and contact your ISP if the issue persists.",troubleshoot_slow_download
What is a wireless repeater and how do I use it?,A wireless repeater extends the range of your Wi-Fi signal. Set it up by following the manufacturer's instructions.,setup_wireless_repeater
How do I set up a secure guest network?,"Access your router settings, enable the guest network, and set a strong password. Isolate it from the main network.",setup_secure_guest_network
What is a MAC filter and how do I enable it?,A MAC filter allows only specified devices to connect to your network. Enable it in your router settings and add the MAC addresses of allowed devices.,enable_mac_filter
How do I perform a network speed test?,Use online tools like Speedtest.net or built-in router features to measure your network speed.,perform_speed_test
How do I check for network driver updates?,"Go to Device Manager, find your network adapter, right-click, and select 'Update driver'.",check_network_driver_updates
What is a network firewall and why is it important?,A network firewall protects your network by controlling incoming and outgoing traffic based on security rules.,understand_network_firewall
How do I configure my router for a small business?,"Set up separate networks for employees and guests, use strong security protocols, and enable QoS for business-critical applications.",configure_router_small_business
How do I troubleshoot a wireless network adapter?,"Ensure the adapter is properly installed, update drivers, and check for any interference or compatibility issues.",troubleshoot_wireless_adapter
How do I set up a printer on my network?,"Connect the printer to your network, install the necessary drivers, and add the printer through your computer's settings.",setup_network_printer
What is the difference between TCP and UDP?,"TCP is connection-oriented and reliable, while UDP is connectionless and faster but less reliable. Choose based on application needs.",understand_tcp_vs_udp
How do I change my DNS settings on Windows?,"Go to Network and Sharing Center, select your connection, click Properties, and change the DNS server addresses.",change_dns_windows
How do I change my DNS settings on Mac?,"Go to System Preferences > Network, select your connection, click Advanced, and change the DNS server addresses.",change_dns_mac
How do I configure my router for IPv6?,"Access your router settings, find the IPv6 section, and enable IPv6. Configure the settings as required by your ISP.",configure_ipv6
What should I do if my network cable is damaged?,Replace the damaged cable with a new one to restore network connectivity.,replace_network_cable
How do I set up a VPN on my mobile device?,"Download and install a VPN app, sign in with your credentials, and connect to a VPN server.",setup_vpn_mobile
What is a network topology and why is it important?,"Network topology is the arrangement of network elements. It affects network performance, scalability, and troubleshooting.",understand_network_topology
How do I set up a static route on my router?,"Access your router settings, find the static routing section, and configure the route with the necessary details.",setup_static_route
Why is my Wi-Fi signal weak in certain areas?,"Wi-Fi signals can be blocked by walls, furniture, and other obstructions. Use a Wi-Fi extender or reposition the router.",improve_wifi_signal
How do I configure my router for port forwarding?,"Access your router settings, find the port forwarding section, and enter the necessary port and IP address information.",configure_port_forwarding
What is a network proxy and how do I use it?,A network proxy acts as an intermediary for requests between clients and servers. Configure it in your device's network settings.,use_network_proxy
How do I troubleshoot a network adapter?,"Ensure the adapter is properly installed, update drivers, and check for any interference or compatibility issues.",troubleshoot_network_adapter
How do I set up a VPN on my router?,"Access your router settings, find the VPN section, and follow the instructions provided by your VPN service provider.",setup_vpn_router
What is the difference between a public and private IP address?,"A public IP address is accessible over the internet, while a private IP address is used within a local network.",understand_ip_address_types
How do I check for network outages?,Contact your ISP or use online tools to check for reported outages in your area.,check_network_outages
What should I do if my network is slow during peak hours?,"Avoid peak usage times, upgrade your internet plan, or use a VPN to bypass congestion.",avoid_peak_usage
How do I set up a wireless access point?,"Connect the access point to your router, configure the settings, and position it to extend your Wi-Fi coverage.",setup_wireless_access_point
Why is my network connection unstable?,"Unstable connections can be due to interference, outdated firmware, or hardware issues. Check for these and resolve accordingly.",troubleshoot_unstable_connection
How do I change my network settings on Android?,"Go to Settings > Network & internet, select your connection, and modify the settings as needed.",change_network_settings_android
How do I change my network settings on iOS?,"Go to Settings > Wi-Fi, select your connection, and modify the settings as needed.",change_network_settings_ios
What is a DNS cache and how do I clear it?,A DNS cache stores recent DNS lookups. Clear it by running 'ipconfig /flushdns' in Command Prompt.,clear_dns_cache
How do I configure my router for security?,"Use strong passwords, enable WPA3 encryption, disable WPS, and update firmware regularly.",configure_router_security
What is a network bridge and how do I set it up?,"A network bridge connects two or more networks, allowing them to communicate. Set it up in your router or operating system settings.",setup_network_bridge
How do I troubleshoot a slow upload speed?,"Check for bandwidth-hogging applications, optimize your network, and contact your ISP if the issue persists.",troubleshoot_slow_upload
How do I set up a wired connection?,Connect your device to the router using an Ethernet cable and ensure the network settings are configured correctly.,setup_wired_connection
What is the difference between a LAN and a WAN?,"A LAN (Local Area Network) is confined to a small area, while a WAN (Wide Area Network) spans large geographic areas.",understand_lan_vs_wan
How do I change my Wi-Fi password?,"Access your router settings, navigate to the wireless security section, and change the password.",change_wifi_password
What is a network protocol and why is it important?,A network protocol is a set of rules for data transmission. It ensures reliable and efficient communication between devices.,understand_network_protocol
How do I set up a network drive?,Map a network drive on your computer by entering the path to the shared folder on your network.,setup_network_drive
How do I check my network connection status?,"On Windows, use 'ipconfig' in Command Prompt. On Mac, use 'ifconfig' in Terminal to check the connection status.",check_connection_status
How do I configure my router for streaming?,Prioritize streaming devices using QoS settings and ensure sufficient bandwidth for smooth playback.,configure_router_streaming
How do I reset my router to factory settings?,Press and hold the reset button on your router for 10-15 seconds or follow the manufacturer's instructions.,reset_router
How do I troubleshoot a DNS issue?,"Try using a different DNS server, clear the DNS cache, and check your network settings.",troubleshoot_dns_issue
What is a VPN and how does it work?,"A VPN (Virtual Private Network) encrypts your internet connection, providing privacy and security. Use a VPN client to connect to a VPN server.",understand_vpn
How do I optimize my network for gaming?,"Use a wired connection, enable QoS for gaming traffic, and ensure low latency settings.",optimize_network_gaming
What should I do if my network connection is slow?,"Restart your router, check for background downloads, and contact your ISP if the issue persists.",fix_slow_connection
How do I set up a guest Wi-Fi network?,"Access your router settings, enable the guest network, and set a separate SSID and password.",setup_guest_wifi
What is a ping test and how do I perform it?,A ping test checks the connectivity to a server. Use the 'ping' command followed by the server address in Command Prompt or Terminal.,perform_ping_test
How do I configure my router for VoIP?,Prioritize VoIP traffic using QoS settings and ensure sufficient bandwidth for clear calls.,configure_router_voip
How do I set up a network scanner?,"Connect the scanner to your network, install the necessary drivers, and configure the scanning software.",setup_network_scanner
How do I improve my network security?,"Use strong passwords, enable encryption, update firmware, and disable unused services.",improve_network_security
How do I troubleshoot a Wi-Fi connectivity issue?,"Restart your router, update firmware, and check for interference from other devices.",troubleshoot_wifi_connectivity
How do I set up a wireless repeater?,"Place the repeater within range of your router, follow the setup instructions, and connect to the extended network.",setup_wireless_repeater
What is network latency and how can I reduce it?,"Network latency is the delay in data transmission. Reduce it by using a wired connection, optimizing network settings, and upgrading hardware.",reduce_network_latency
How do I set up a network-attached storage (NAS) device?,"Connect the NAS to your network, configure the settings, and map the network drives on your devices.",setup_nas_device
How do I change my network adapter settings on Windows?,"Go to Device Manager, find your network adapter, right-click, and select 'Properties' to change the settings.",change_network_adapter_settings_windows
How do I change my network adapter settings on Mac?,"Go to System Preferences > Network, select your adapter, and click 'Advanced' to change the settings.",change_network_adapter_settings_mac
How do I set up a wireless mesh network?,"Place the mesh nodes throughout your home, follow the setup instructions, and ensure they are connected to each other.",setup_mesh_network
Why is my network speed slow?,"Slow speeds can be due to network congestion, interference, outdated hardware, or ISP issues. Troubleshoot each possibility.",troubleshoot_slow_speed
How do I set up a networked printer?,"Connect the printer to your network, install the necessary drivers, and add the printer through your computer's settings.",setup_networked_printer
How do I configure my router for security?,"Use strong passwords, enable WPA3 encryption, disable WPS, and update firmware regularly.",configure_router_security
How do I set up a virtual private network (VPN)?,"Choose a VPN service, install the VPN client, and follow the setup instructions to connect to a VPN server.",setup_vpn
How do I change my Wi-Fi channel?,"Access your router settings, navigate to the wireless settings, and change the channel to one with less interference.",change_wifi_channel
How do I troubleshoot a slow Wi-Fi connection?,"Restart your router, update firmware, and check for interference from other devices.",troubleshoot_slow_wifi
How do I set up a home network?,"Connect your devices to the router, configure the network settings, and ensure security protocols are in place.",setup_home_network
How do I check my network speed?,Use online tools like Speedtest.net or built-in router features to measure your network speed.,check_network_speed
How do I reset my network settings?,"On Windows, go to Settings > Network & Internet > Status > Network reset. On Mac, go to System Preferences > Network and re-add the network connection.",reset_network_settings
How do I set up a network for a small business?,"Plan the network layout, choose appropriate hardware, configure security settings, and set up separate networks for employees and guests.",setup_network_small_business
How do I troubleshoot a network connection issue?,"Check cables and connections, restart your router and modem, and use network diagnostics tools.",troubleshoot_connection_issue
What is a firewall and how does it protect my network?,"A firewall monitors and controls incoming and outgoing network traffic based on security rules, providing protection against threats.",understand_firewall
How do I set up a secure Wi-Fi network?,"Use strong passwords, enable WPA3 encryption, disable WPS, and regularly update your router's firmware.",setup_secure_wifi
Why is my internet slow only on certain devices?,"This could be due to interference, outdated drivers, or device-specific settings. Try updating the device drivers or moving closer to the router.",update_device_drivers
How do I connect my smart TV to Wi-Fi?,"Go to the network settings on your smart TV, select your Wi-Fi network, and enter the password.",connect_smart_tv
What is a MAC address and how do I find it?,A MAC address is a unique identifier for network devices. You can find it in the network settings of your device or on the device label.,find_mac_address
How do I enable parental controls on my router?,"Access your router settings, find the parental control section, and set up restrictions based on your preferences.",enable_parental_controls
Why is my Ethernet connection not working?,Check if the Ethernet cable is properly connected and not damaged. Try using a different cable or port.,check_ethernet_connection
How can I test my internet connection stability?,You can use tools like PingPlotter to monitor your connection stability over time.,test_connection_stability
How do I change my network name (SSID)?,"Access your router settings, navigate to the wireless settings, and change the SSID to your preferred name.",change_ssid
What is port forwarding and how do I set it up?,Port forwarding allows external devices to access services on your local network. Set it up in your router's port forwarding section by specifying the port numbers and IP addresses.,setup_port_forwarding
Why can't I connect to my VPN?,Check if your VPN credentials are correct and if the VPN server is online. Ensure no firewall settings are blocking the connection.,check_vpn_connection
How do I boost my home network signal?,"Use a Wi-Fi extender or mesh network system to boost the signal. Ensure the router is placed in a central, elevated location.",boost_network_signal
What should I do if my network connection is intermittent?,Intermittent connections can be due to interference or faulty hardware. Check for interference sources and replace any suspect hardware.,check_interference
How do I create a network diagram?,Use software like Microsoft Visio or online tools like Lucidchart to create a visual representation of your network.,create_network_diagram
Why can't I access my router settings?,"Ensure you are connected to the router's network and use the correct IP address and login credentials. If forgotten, reset the router to factory settings.",access_router_settings
What is a network switch and how is it different from a router?,"A network switch connects multiple devices within the same network, while a router connects different networks and manages traffic between them.",understand_switch_vs_router
How do I set up a static IP address?,"Access your device's network settings, select the option to manually configure the IP address, and enter the desired static IP details.",setup_static_ip
What is a DHCP server and how does it work?,"A DHCP server automatically assigns IP addresses to devices on the network, simplifying network management.",understand_dhcp
How do I update my network adapter drivers?,"Go to the device manager on your computer, find the network adapter, right-click, and select 'Update driver'.",update_network_adapter_drivers
Why am I getting a DNS error?,A DNS error can be caused by incorrect DNS settings or issues with the DNS server. Try using a different DNS server like Google DNS.,resolve_dns_error
How do I enable QoS on my router?,"Access your router settings, find the QoS section, and configure the settings to prioritize certain types of traffic.",enable_qos
What is a firewall and how do I configure it?,A firewall protects your network by controlling incoming and outgoing traffic. Configure it through your router or device's security settings.,configure_firewall
How do I check for network congestion?,Use network monitoring tools to analyze traffic patterns and identify congestion points. Contact your ISP if needed.,check_network_congestion
Why is my network printer offline?,"Ensure the printer is powered on, connected to the network, and check for any error messages. Restart the printer if necessary.",check_printer_status
How do I set up a network file sharing?,"Enable file sharing on your devices, create shared folders, and ensure network discovery is turned on.",setup_file_sharing
What is a subnet mask and why is it important?,"A subnet mask divides an IP address into network and host parts, helping in network organization and management.",understand_subnet_mask
How do I check if my firewall is blocking a connection?,Check the firewall logs or settings to see if the connection is being blocked. Adjust the settings if necessary.,check_firewall_logs
How do I fix a limited connectivity issue?,"Reset your network adapter, restart the router, and check for any IP address conflicts.",fix_limited_connectivity
How can I monitor my network usage?,Use network monitoring tools or built-in router features to track data usage and identify heavy users.,monitor_network_usage
What is the difference between 2.4 GHz and 5 GHz Wi-Fi?,"2.4 GHz offers wider coverage but slower speeds, while 5 GHz offers faster speeds but shorter range. Choose based on your needs.",understand_wifi_frequencies
How do I extend my Wi-Fi range?,"Use a Wi-Fi extender, upgrade to a mesh network, or reposition the router for better coverage.",extend_wifi_range
What should I do if my router keeps rebooting?,"Check for firmware updates, overheating issues, and ensure the power supply is stable. Replace the router if needed.",check_router_reboot
How do I set up a VLAN?,"Access your router or switch settings, find the VLAN section, and configure the VLANs based on your network segmentation needs.",setup_vlan
What is network throttling and how can I avoid it?,Network throttling is the intentional slowing of internet speed by your ISP. Use a VPN to bypass throttling if necessary.,avoid_network_throttling
How do I check for firmware updates on my router?,"Log in to your router's settings, navigate to the firmware update section, and check for available updates.",check_firmware_updates
What is a mesh network and how do I set it up?,A mesh network uses multiple nodes to provide seamless Wi-Fi coverage. Set it up by following the instructions provided with the mesh system.,setup_mesh_network
Why is my VPN connection slow?,"VPN speed can be affected by server location, bandwidth, and encryption overhead. Try switching servers or protocols.",troubleshoot_vpn_speed
How do I configure port triggering on my router?,"Access your router settings, find the port triggering section, and configure the necessary ports based on your application requirements.",configure_port_triggering
What is a DMZ and when should I use it?,A DMZ (Demilitarized Zone) is a separate network that exposes external-facing services while keeping the internal network secure. Use it for hosting servers.,understand_dmz
How do I set up a secure network for IoT devices?,"Create a separate network for IoT devices, use strong passwords, and regularly update firmware.",secure_iot_network
Why is my internet not working after a power outage?,"Power outages can disrupt network settings. Restart your router and modem, and check for any damaged cables.",check_after_power_outage
How do I configure my router for gaming?,"Enable QoS, use a wired connection, and configure port forwarding for gaming consoles.",configure_for_gaming
How can I improve my upload speed?,"Check for any bandwidth-hogging applications, upgrade your internet plan, and ensure your network is optimized.",improve_upload_speed
What should I do if my network is experiencing packet loss?,"Check for network congestion, faulty hardware, or interference. Use network diagnostics tools to identify the issue.",troubleshoot_packet_loss
How do I set up a guest network on my router?,"Log in to your router's settings, find the guest network section, and configure the network with a separate SSID and password.",setup_guest_network
What is the difference between IPv4 and IPv6?,"IPv4 uses 32-bit addresses, while IPv6 uses 128-bit addresses, providing a larger address space and improved routing.",understand_ipv4_vs_ipv6
How do I check my router's log files?,"Access your router settings, navigate to the log section, and review the entries for any unusual activity.",check_router_logs
Why is my Wi-Fi connection dropping frequently?,"Frequent drops can be due to interference, outdated firmware, or too many devices. Try updating the firmware and reducing interference sources.",troubleshoot_wifi_drops
How do I set up dynamic DNS on my router?,"Access your router settings, find the dynamic DNS section, and enter your dynamic DNS provider's details.",setup_dynamic_dns
What is a network gateway and how does it work?,"A network gateway connects different networks and routes traffic between them, acting as a bridge.",understand_network_gateway
How do I prioritize devices on my network?,Use QoS settings in your router to prioritize bandwidth for specific devices or applications.,prioritize_devices
How do I troubleshoot a wireless adapter?,"Ensure the adapter is properly installed, update drivers, and check for any interference or compatibility issues.",troubleshoot_wireless_adapter
Why can't I connect to a specific website?,"The website might be down, blocked, or experiencing issues. Try clearing your DNS cache or using a different browser.",check_website_connection
How do I enable remote management on my router?,"Access your router settings, find the remote management section, and enable it. Ensure you use a secure password.",enable_remote_management
What should I do if I forget my Wi-Fi password?,Check the router settings or use a device already connected to the network to view the saved password.,recover_wifi_password
How do I set up network isolation?,Access your router settings and enable network isolation to prevent devices on the guest network from accessing the main network.,setup_network_isolation
What is a proxy server and how do I use it?,"A proxy server acts as an intermediary between your device and the internet, providing anonymity and security. Configure it in your network settings.",use_proxy_server
How do I fix a 'No Internet Access' error?,"Restart your router and modem, check for any outages with your ISP, and troubleshoot your network settings.",fix_no_internet_access
How do I set up a secure home network?,"Use strong passwords, enable WPA3 encryption, regularly update firmware, and disable WPS.",setup_secure_home_network
Why is my network speed slow during peak hours?,Network congestion during peak hours can slow down your speed. Consider upgrading your plan or using a VPN.,avoid_peak_hours
How do I check if my ISP is throttling my connection?,"Use speed tests with and without a VPN to see if there is a significant difference in speed, indicating throttling.",check_isp_throttling
What is a packet sniffer and how do I use it?,A packet sniffer captures and analyzes network traffic. Use tools like Wireshark for network diagnostics.,use_packet_sniffer
How do I set up a wireless bridge?,Configure one router as the main router and the other as a bridge. Follow the manufacturer's instructions for setup.,setup_wireless_bridge
Why can't I connect to my NAS?,"Ensure the NAS is powered on, connected to the network, and the network settings are correctly configured.",check_nas_connection
How do I set up a hotspot on my mobile device?,"Go to your mobile device's settings, find the hotspot option, and enable it. Set a password for security.",setup_mobile_hotspot
What should I do if my network is being attacked?,"Disconnect from the network, change all passwords, update firmware, and consider professional assistance.",respond_to_attack
How do I configure my router for VoIP?,Prioritize VoIP traffic using QoS settings and ensure sufficient bandwidth for clear calls.,configure_for_voip
How do I check my router's IP address?,"On a connected device, open Command Prompt or Terminal and type 'ipconfig' (Windows) or 'ifconfig' (Mac/Linux) to find the router's IP address.",check_router_ip
What is the difference between a hub and a switch?,"A hub broadcasts data to all devices, while a switch sends data only to the intended device, improving efficiency.",understand_hub_vs_switch
How do I reset my network settings on Windows?,Go to Settings > Network & Internet > Status > Network reset and follow the prompts to reset your network settings.,reset_network_settings_windows
How do I reset my network settings on Mac?,"Go to System Preferences > Network, select your network connection, click the minus sign, and then click the plus sign to re-add it.",reset_network_settings_mac
What is an SSID and how do I change it?,An SSID is your network's name. Change it by accessing your router settings and modifying the wireless network name.,change_ssid
How do I set up a VPN on my computer?,"Download and install a VPN client, sign in with your credentials, and connect to a VPN server.",setup_vpn_computer
How do I optimize my network for streaming?,"Prioritize streaming devices using QoS settings, use a wired connection, and ensure sufficient bandwidth.",optimize_for_streaming
How do I troubleshoot a slow download speed?,"Check for background downloads, optimize your network, and contact your ISP if the issue persists.",troubleshoot_slow_download
What is a wireless repeater and how do I use it?,A wireless repeater extends the range of your Wi-Fi signal. Set it up by following the manufacturer's instructions.,setup_wireless_repeater
How do I set up a secure guest network?,"Access your router settings, enable the guest network, and set a strong password. Isolate it from the main network.",setup_secure_guest_network
What is a MAC filter and how do I enable it?,A MAC filter allows only specified devices to connect to your network. Enable it in your router settings and add the MAC addresses of allowed devices.,enable_mac_filter
How do I perform a network speed test?,Use online tools like Speedtest.net or built-in router features to measure your network speed.,perform_speed_test
How do I check for network driver updates?,"Go to Device Manager, find your network adapter, right-click, and select 'Update driver'.",check_network_driver_updates
What is a network firewall and why is it important?,A network firewall protects your network by controlling incoming and outgoing traffic based on security rules.,understand_network_firewall
How do I configure my router for a small business?,"Set up separate networks for employees and guests, use strong security protocols, and enable QoS for business-critical applications.",configure_router_small_business
How do I troubleshoot a wireless network adapter?,"Ensure the adapter is properly installed, update drivers, and check for any interference or compatibility issues.",troubleshoot_wireless_adapter
How do I set up a printer on my network?,"Connect the printer to your network, install the necessary drivers, and add the printer through your computer's settings.",setup_network_printer
What is the difference between TCP and UDP?,"TCP is connection-oriented and reliable, while UDP is connectionless and faster but less reliable. Choose based on application needs.",understand_tcp_vs_udp
How do I change my DNS settings on Windows?,"Go to Network and Sharing Center, select your connection, click Properties, and change the DNS server addresses.",change_dns_windows
How do I change my DNS settings on Mac?,"Go to System Preferences > Network, select your connection, click Advanced, and change the DNS server addresses.",change_dns_mac
How do I configure my router for IPv6?,"Access your router settings, find the IPv6 section, and enable IPv6. Configure the settings as required by your ISP.",configure_ipv6
What should I do if my network cable is damaged?,Replace the damaged cable with a new one to restore network connectivity.,replace_network_cable
How do I set up a VPN on my mobile device?,"Download and install a VPN app, sign in with your credentials, and connect to a VPN server.",setup_vpn_mobile
What is a network topology and why is it important?,"Network topology is the arrangement of network elements. It affects network performance, scalability, and troubleshooting.",understand_network_topology
How do I set up a static route on my router?,"Access your router settings, find the static routing section, and configure the route with the necessary details.",setup_static_route
Why is my Wi-Fi signal weak in certain areas?,"Wi-Fi signals can be blocked by walls, furniture, and other obstructions. Use a Wi-Fi extender or reposition the router.",improve_wifi_signal
How do I configure my router for port forwarding?,"Access your router settings, find the port forwarding section, and enter the necessary port and IP address information.",configure_port_forwarding
What is a network proxy and how do I use it?,A network proxy acts as an intermediary for requests between clients and servers. Configure it in your device's network settings.,use_network_proxy
How do I troubleshoot a network adapter?,"Ensure the adapter is properly installed, update drivers, and check for any interference or compatibility issues.",troubleshoot_network_adapter
How do I set up a VPN on my router?,"Access your router settings, find the VPN section, and follow the instructions provided by your VPN service provider.",setup_vpn_router
What is the difference between a public and private IP address?,"A public IP address is accessible over the internet, while a private IP address is used within a local network.",understand_ip_address_types
How do I check for network outages?,Contact your ISP or use online tools to check for reported outages in your area.,check_network_outages
What should I do if my network is slow during peak hours?,"Avoid peak usage times, upgrade your internet plan, or use a VPN to bypass congestion.",avoid_peak_usage
How do I set up a wireless access point?,"Connect the access point to your router, configure the settings, and position it to extend your Wi-Fi coverage.",setup_wireless_access_point
Why is my network connection unstable?,"Unstable connections can be due to interference, outdated firmware, or hardware issues. Check for these and resolve accordingly.",troubleshoot_unstable_connection
How do I change my network settings on Android?,"Go to Settings > Network & internet, select your connection, and modify the settings as needed.",change_network_settings_android
How do I change my network settings on iOS?,"Go to Settings > Wi-Fi, select your connection, and modify the settings as needed.",change_network_settings_ios
What is a DNS cache and how do I clear it?,A DNS cache stores recent DNS lookups. Clear it by running 'ipconfig /flushdns' in Command Prompt.,clear_dns_cache
How do I configure my router for security?,"Use strong passwords, enable WPA3 encryption, disable WPS, and update firmware regularly.",configure_router_security
What is a network bridge and how do I set it up?,"A network bridge connects two or more networks, allowing them to communicate. Set it up in your router or operating system settings.",setup_network_bridge
How do I troubleshoot a slow upload speed?,"Check for bandwidth-hogging applications, optimize your network, and contact your ISP if the issue persists.",troubleshoot_slow_upload
How do I set up a wired connection?,Connect your device to the router using an Ethernet cable and ensure the network settings are configured correctly.,setup_wired_connection
What is the difference between a LAN and a WAN?,"A LAN (Local Area Network) is confined to a small area, while a WAN (Wide Area Network) spans large geographic areas.",understand_lan_vs_wan
How do I change my Wi-Fi password?,"Access your router settings, navigate to the wireless security section, and change the password.",change_wifi_password
What is a network protocol and why is it important?,A network protocol is a set of rules for data transmission. It ensures reliable and efficient communication between devices.,understand_network_protocol
How do I set up a network drive?,Map a network drive on your computer by entering the path to the shared folder on your network.,setup_network_drive
How do I check my network connection status?,"On Windows, use 'ipconfig' in Command Prompt. On Mac, use 'ifconfig' in Terminal to check the connection status.",check_connection_status
How do I configure my router for streaming?,Prioritize streaming devices using QoS settings and ensure sufficient bandwidth for smooth playback.,configure_router_streaming
How do I reset my router to factory settings?,Press and hold the reset button on your router for 10-15 seconds or follow the manufacturer's instructions.,reset_router
How do I troubleshoot a DNS issue?,"Try using a different DNS server, clear the DNS cache, and check your network settings.",troubleshoot_dns_issue
What is a VPN and how does it work?,"A VPN (Virtual Private Network) encrypts your internet connection, providing privacy and security. Use a VPN client to connect to a VPN server.",understand_vpn
How do I optimize my network for gaming?,"Use a wired connection, enable QoS for gaming traffic, and ensure low latency settings.",optimize_network_gaming
What should I do if my network connection is slow?,"Restart your router, check for background downloads, and contact your ISP if the issue persists.",fix_slow_connection
How do I set up a guest Wi-Fi network?,"Access your router settings, enable the guest network, and set a separate SSID and password.",setup_guest_wifi
What is a ping test and how do I perform it?,A ping test checks the connectivity to a server. Use the 'ping' command followed by the server address in Command Prompt or Terminal.,perform_ping_test
How do I configure my router for VoIP?,Prioritize VoIP traffic using QoS settings and ensure sufficient bandwidth for clear calls.,configure_router_voip
How do I set up a network scanner?,"Connect the scanner to your network, install the necessary drivers, and configure the scanning software.",setup_network_scanner
How do I improve my network security?,"Use strong passwords, enable encryption, update firmware, and disable unused services.",improve_network_security
How do I troubleshoot a Wi-Fi connectivity issue?,"Restart your router, update firmware, and check for interference from other devices.",troubleshoot_wifi_connectivity
How do I set up a wireless repeater?,"Place the repeater within range of your router, follow the setup instructions, and connect to the extended network.",setup_wireless_repeater
What is network latency and how can I reduce it?,"Network latency is the delay in data transmission. Reduce it by using a wired connection, optimizing network settings, and upgrading hardware.",reduce_network_latency
How do I set up a network-attached storage (NAS) device?,"Connect the NAS to your network, configure the settings, and map the network drives on your devices.",setup_nas_device
How do I change my network adapter settings on Windows?,"Go to Device Manager, find your network adapter, right-click, and select 'Properties' to change the settings.",change_network_adapter_settings_windows
How do I change my network adapter settings on Mac?,"Go to System Preferences > Network, select your adapter, and click 'Advanced' to change the settings.",change_network_adapter_settings_mac
How do I set up a wireless mesh network?,"Place the mesh nodes throughout your home, follow the setup instructions, and ensure they are connected to each other.",setup_mesh_network
Why is my network speed slow?,"Slow speeds can be due to network congestion, interference, outdated hardware, or ISP issues. Troubleshoot each possibility.",troubleshoot_slow_speed
How do I set up a networked printer?,"Connect the printer to your network, install the necessary drivers, and add the printer through your computer's settings.",setup_networked_printer
How do I configure my router for security?,"Use strong passwords, enable WPA3 encryption, disable WPS, and update firmware regularly.",configure_router_security
How do I set up a virtual private network (VPN)?,"Choose a VPN service, install the VPN client, and follow the setup instructions to connect to a VPN server.",setup_vpn
How do I change my Wi-Fi channel?,"Access your router settings, navigate to the wireless settings, and change the channel to one with less interference.",change_wifi_channel
How do I troubleshoot a slow Wi-Fi connection?,"Restart your router, update firmware, and check for interference from other devices.",troubleshoot_slow_wifi
How do I set up a home network?,"Connect your devices to the router, configure the network settings, and ensure security protocols are in place.",setup_home_network
How do I check my network speed?,Use online tools like Speedtest.net or built-in router features to measure your network speed.,check_network_speed
How do I reset my network settings?,"On Windows, go to Settings > Network & Internet > Status > Network reset. On Mac, go to System Preferences > Network and re-add the network connection.",reset_network_settings
How do I set up a network for a small business?,"Plan the network layout, choose appropriate hardware, configure security settings, and set up separate networks for employees and guests.",setup_network_small_business
How do I troubleshoot a network connection issue?,"Check cables and connections, restart your router and modem, and use network diagnostics tools.",troubleshoot_connection_issue
What is a firewall and how does it protect my network?,"A firewall monitors and controls incoming and outgoing network traffic based on security rules, providing protection against threats.",understand_firewall
How do I set up a secure Wi-Fi network?,"Use strong passwords, enable WPA3 encryption, disable WPS, and regularly update your router's firmware.",setup_secure_wifi
How do I reset my router?,Unplug the router wait 30 seconds and plug it back in.,check_router
What should I do if my internet is slow?,Check if there are too many devices connected to the network.,Check Network Load
How can I find my IP address?,Open Command Prompt and type `ipconfig`.,Find IP Address
Why is my Wi-Fi not connecting?,Make sure your Wi-Fi is turned on and you are within range of the router.,Check Wi-Fi Connection
How do I check if a website is down?,Use `ping` command to see if the website responds.,Check Website Status
What is a DNS server?,A DNS server translates domain names into IP addresses.,Understand DNS
How can I improve my Wi-Fi signal?,Try moving closer to the router or reducing interference.,Improve Wi-Fi Signal
How do I check my network speed?,Use a speed test tool like Speedtest.net.,Check Network Speed
What is a firewall?,A firewall helps to protect your network from unauthorized access.,Understand Firewall
How do I change my Wi-Fi password?,Access your router settings through a web browser and update the password.,Change Wi-Fi Password
What is the difference between a modem and a router?,A modem connects to the internet, while a router distributes the internet connection to multiple devices.
Why is my network connection dropping frequently?,Check for interference or issues with your internet service provider.,Check Connection Stability
How do I set up a static IP address?,Configure the IP address settings on your device manually.,Set Up Static IP
What should I do if my Ethernet connection is not working?,Check the cable connections and try restarting your device and router.,Fix Ethernet Connection
How do I access my router settings?,Type the router's IP address into a web browser and log in with the credentials.,Access Router Settings
What is NAT?,Network Address Translation (NAT) allows multiple devices to share a single IP address.,Understand NAT
How can I see which devices are connected to my network?,Log in to your router's settings page to view connected devices.,View Connected Devices
How do I troubleshoot a slow internet connection?,Check for bandwidth usage, restart your router or contact your ISP.
What does it mean if a website is unreachable?,It could be due to server issues, DNS problems or network connectivity issues.
How can I check for IP address conflicts?,Use the `arp -a` command in Command Prompt to view IP address assignments.,Check IP Address Conflicts
What is a network switch?,A network switch connects multiple devices on the same network.,Understand Network Switch
How do I update my router's firmware?,Access the router settings and look for the firmware update option.,Update Router Firmware
How do I clear my browser's cache?,Go to browser settings and find the option to clear cached data.,Clear Browser Cache
How can I prevent unauthorized access to my network?,Change your Wi-Fi password regularly and use WPA2 encryption.,Prevent Unauthorized Access
How do I troubleshoot Wi-Fi interference issues?,Move electronic devices away from the router and use the least congested Wi-Fi channel.,Troubleshoot Wi-Fi Interference
What should I do if I forget my Wi-Fi password?,Reset your router to its factory settings or contact your ISP for assistance.,Recover Wi-Fi Password
How do I set up a guest Wi-Fi network?,Access your router settings and enable the guest network option with a separate password.,Set Up Guest Wi-Fi
How do I test if my network card is working properly?,Use Device Manager to check for any issues with the network adapter.,Test Network Card
What should I do if my VPN connection fails?,Check your internet connection and VPN settings, then try reconnecting.
How can I block a device from my Wi-Fi network?,Access your router settings and use the MAC address filter to block the device.,Block Wi-Fi Device
What is bandwidth throttling?,Bandwidth throttling is when an ISP intentionally slows down internet speed for certain activities.,Understand Bandwidth Throttling
How do I configure port forwarding on my router?,Access your router settings and set up port forwarding for specific applications or devices.,Configure Port Forwarding
How can I secure my home network?,Use strong passwords, enable encryption and update firmware regularly on your devices.
How do I fix DNS server not responding error?,Change your DNS server addresses manually or restart your router and device.,Fix DNS Error
How do I set up a VPN on my router?,Access your router settings and look for VPN configuration options to set up a VPN connection.,Set Up VPN on Router
What is MAC address filtering?,MAC address filtering allows you to control which devices can connect to your Wi-Fi network based on their MAC addresses.,Understand MAC Address Filtering
How do I test my internet speed?,Use online speed test tools like Speedtest.net or Fast.com.,Test Internet Speed
How do I configure DHCP settings on my router?,Access your router settings and adjust DHCP settings to allocate IP addresses automatically.,Configure DHCP Settings
What is latency?,Latency is the time it takes for data to travel from one point to another in a network.,Understand Latency
How do I perform a ping test?,Open Command Prompt and type `ping` followed by an IP address or domain name.,Perform Ping Test
How can I check if my router is working properly?,Restart your router, check for firmware updates and ensure all connections are secure.
How do I set up parental controls on my router?,Access your router settings and enable parental control features to restrict access based on time or content.,Set Up Parental Controls
What is network congestion?,Network congestion occurs when too many devices are trying to use the same network resources at the same time.,Understand Network Congestion
How do I find my router's IP address?,Check the router label or use Command Prompt (`ipconfig`) to find the default gateway.,Find Router IP Address
How can I test my Wi-Fi signal strength?,Use a Wi-Fi analyzer app to measure signal strength in different areas of your home or office.,Test Wi-Fi Signal Strength
How do I troubleshoot DNS resolution issues?,Flush the DNS cache, change DNS servers or restart your router and device.
What is a DMZ?,A DMZ (Demilitarized Zone) is a network segment that exposes an organization's external-facing services to an untrusted network.,Understand DMZ
How do I find my subnet mask?,Open Command Prompt and type `ipconfig` to find the subnet mask along with other network information.,Find Subnet Mask
How can I extend my Wi-Fi coverage at home?,Use Wi-Fi extenders or mesh network systems to expand coverage to areas with poor signal.,Extend Wi-Fi Coverage
How do I fix network adapter driver issues?,Update the network adapter driver through Device Manager or download the latest driver from the manufacturer's website.,Fix Network Adapter Driver
How do I configure VLANs on my network switch?,Access the switch configuration interface and create VLANs to logically separate network traffic.,Configure VLANs
How do I check for network malware or viruses?,Use antivirus software to scan devices connected to your network for malware or viruses.,Check Network for Malware
What is a subnet?,A subnet is a logical subdivision of an IP network.,Understand Subnet
How do I set up a bridge connection between two networks?,Configure bridge settings in your device's network settings or router to connect two networks.,Set Up Bridge Connection
How do I troubleshoot Wi-Fi authentication issues?,Check Wi-Fi password, restart the device  or update Wi-Fi drivers to resolve authentication problems.
What is a network gateway?,A network gateway connects two networks together, such as your local network and the internet.Troubleshoot Network Cable
How can I monitor network traffic?,Use network monitoring tools or software to track and analyze data packets flowing through your network.,Monitor Network Traffic
How do I configure Quality of Service (QoS) on my router?,Access your router settings and prioritize specific types of network traffic for better performance.,Configure QoS
How do I set up Wake-on-LAN (WoL) on my computer?,Enable Wake-on-LAN in your computer's BIOS and configure WoL settings in your router or WoL software.,Set Up Wake-on-LAN
What is a MAC address?,A MAC address is a unique identifier assigned to network interfaces for communications within a network.,Understand MAC Address
How can I troubleshoot network cable issues?,Check for physical damage, replace faulty cables and ensure secure connections.
How do I configure a static route on my router?,Access your router settings and add static routes to specify how data packets should be forwarded to specific destinations.,Configure Static Route
How do I set up port security on a network switch?,Access switch configuration and enable port security features to restrict access based on MAC addresses.,Set Up Port Security
How do I check if my ISP is throttling my internet?,Use internet speed tests at different times of day to monitor for consistent speed reductions.,Check ISP Throttling
How do I configure an access point on my network?,Set up the access point with a unique IP address and connect it to your existing network for extended Wi-Fi coverage.,Configure Access Point
What is a ping of death?,A ping of death is a type of network attack where an attacker sends an unusually large ICMP packet to crash a target system.,Understand Ping of Death
